trial,category,object_name,required_force_N,damage_limit_N,actual_force_N,outcome,timestamp
1,0.05,Very Fragile,0.589,5.0,3.942,FAIL,14:56:27
2,0.05,Very Fragile,0.589,5.0,3.957,SUCCESS,14:56:39
3,0.05,Very Fragile,0.589,5.0,3.198,SUCCESS,14:56:55
4,0.05,Very Fragile,0.589,5.0,1.878,SUCCESS,14:57:07
5,0.05,Very Fragile,0.589,5.0,2.661,FAIL,14:57:22
6,0.05,Very Fragile,0.589,5.0,0.0,FAIL,14:57:46
7,0.05,Very Fragile,0.589,5.0,1.113,FAIL,14:57:57
8,0.05,Very Fragile,0.589,5.0,3.731,SUCCESS,14:58:14
9,0.05,Very Fragile,0.589,5.0,3.887,SUCCESS,14:58:23
10,0.05,Very Fragile,0.589,5.0,3.924,SUCCESS,14:58:38
11,0.05,Very Fragile,0.589,5.0,3.97,SUCCESS,14:58:49
12,0.05,Very Fragile,0.589,5.0,4.074,SUCCESS,14:58:59
13,0.05,Very Fragile,0.589,5.0,3.898,SUCCESS,14:59:10
14,0.05,Very Fragile,0.589,5.0,2.581,FAIL,14:59:19
15,0.05,Very Fragile,0.589,5.0,3.853,FAIL,14:59:26
16,0.05,Very Fragile,0.589,5.0,4.022,FAIL,14:59:34
17,0.05,Very Fragile,0.589,5.0,4.111,SUCCESS,14:59:44
18,0.05,Very Fragile,0.589,5.0,2.555,FAIL,14:59:52
19,0.05,Very Fragile,0.589,5.0,4.105,SUCCESS,15:00:02
20,0.05,Very Fragile,0.589,5.0,3.607,SUCCESS,15:00:16
21,0.1,Fragile,1.177,10.0,4.294,SUCCESS,15:00:49
22,0.1,Fragile,1.177,10.0,4.309,SUCCESS,15:00:59
23,0.1,Fragile,1.177,10.0,4.261,SUCCESS,15:01:08
24,0.1,Fragile,1.177,10.0,3.477,FAIL,15:01:21
25,0.1,Fragile,1.177,10.0,4.216,SUCCESS,15:01:37
26,0.1,Fragile,1.177,10.0,4.29,SUCCESS,15:01:51
27,0.1,Fragile,1.177,10.0,4.194,FAIL,15:02:02
28,0.1,Fragile,1.177,10.0,4.285,SUCCESS,15:02:15
29,0.1,Fragile,1.177,10.0,4.307,SUCCESS,15:02:29
30,0.1,Fragile,1.177,10.0,4.207,FAIL,15:02:36
31,0.1,Fragile,1.177,10.0,4.316,SUCCESS,15:02:55
32,0.1,Fragile,1.177,10.0,4.305,SUCCESS,15:03:06
33,0.1,Fragile,1.177,10.0,3.777,SUCCESS,15:03:22
34,0.1,Fragile,1.177,10.0,4.298,SUCCESS,15:03:40
35,0.1,Fragile,1.177,10.0,4.253,SUCCESS,15:03:50
36,0.1,Fragile,1.177,10.0,4.309,SUCCESS,15:03:57
37,0.1,Fragile,1.177,10.0,4.255,SUCCESS,15:04:05
38,0.1,Fragile,1.177,10.0,4.281,SUCCESS,15:04:19
39,0.1,Fragile,1.177,10.0,4.251,FAIL,15:04:26
40,0.1,Fragile,1.177,10.0,4.272,SUCCESS,15:04:34
41,0.2,Medium,2.354,20.0,4.198,SUCCESS,15:05:04
42,0.2,Medium,2.354,20.0,4.164,FAIL,15:05:24
43,0.2,Medium,2.354,20.0,4.194,SUCCESS,15:05:32
44,0.2,Medium,2.354,20.0,4.237,SUCCESS,15:05:42
45,0.2,Medium,2.354,20.0,1.933,FAIL,15:05:50
46,0.2,Medium,2.354,20.0,4.103,SUCCESS,15:06:01
47,0.2,Medium,2.354,20.0,4.214,SUCCESS,15:06:09
48,0.2,Medium,2.354,20.0,4.22,FAIL,15:06:21
49,0.2,Medium,2.354,20.0,4.166,SUCCESS,15:06:45
50,0.2,Medium,2.354,20.0,4.192,FAIL,15:06:59
51,0.2,Medium,2.354,20.0,4.246,SUCCESS,15:07:08
52,0.2,Medium,2.354,20.0,4.101,SUCCESS,15:07:19
53,0.2,Medium,2.354,20.0,4.153,FAIL,15:07:26
54,0.2,Medium,2.354,20.0,4.185,SUCCESS,15:07:41
55,0.2,Medium,2.354,20.0,4.096,SUCCESS,15:07:51
56,0.2,Medium,2.354,20.0,3.898,SUCCESS,15:07:58
57,0.2,Medium,2.354,20.0,0.0,FAIL,15:08:04
58,0.2,Medium,2.354,20.0,4.22,SUCCESS,15:08:25
59,0.2,Medium,2.354,20.0,4.24,SUCCESS,15:08:38
60,0.2,Medium,2.354,20.0,4.196,SUCCESS,15:08:56
61,0.4,Robust,4.709,40.0,4.257,SUCCESS,15:09:09
62,0.4,Robust,4.709,40.0,0.635,FAIL,15:09:17
63,0.4,Robust,4.709,40.0,4.292,SUCCESS,15:09:24
64,0.4,Robust,4.709,40.0,3.942,SUCCESS,15:09:32
65,0.4,Robust,4.709,40.0,4.279,SUCCESS,15:09:38
66,0.4,Robust,4.709,40.0,4.016,SUCCESS,15:10:32
67,0.4,Robust,4.709,40.0,4.235,SUCCESS,15:10:37
68,0.4,Robust,4.709,40.0,4.159,SUCCESS,15:10:43
69,0.4,Robust,4.709,40.0,4.146,SUCCESS,15:10:47
70,0.4,Robust,4.709,40.0,4.166,SUCCESS,15:10:51
71,0.4,Robust,4.709,40.0,0.524,FAIL,15:11:02
72,0.4,Robust,4.709,40.0,4.005,SUCCESS,15:11:10
73,0.4,Robust,4.709,40.0,4.129,SUCCESS,15:11:14
74,0.4,Robust,4.709,40.0,4.198,SUCCESS,15:11:20
75,0.4,Robust,4.709,40.0,4.157,SUCCESS,15:11:28
76,0.4,Robust,4.709,40.0,4.17,SUCCESS,15:11:33
77,0.4,Robust,4.709,40.0,4.116,SUCCESS,15:11:39
78,0.4,Robust,4.709,40.0,3.248,SUCCESS,15:11:48
79,0.4,Robust,4.709,40.0,3.964,SUCCESS,15:11:53
80,0.4,Robust,4.709,40.0,4.016,SUCCESS,15:12:04
81,0.8,Very Robust,9.418,80.0,3.655,FAIL,15:12:32
82,0.8,Very Robust,9.418,80.0,3.344,SUCCESS,15:12:43
83,0.8,Very Robust,9.418,80.0,4.179,SUCCESS,15:13:21
84,0.8,Very Robust,9.418,80.0,4.129,SUCCESS,15:13:31
85,0.8,Very Robust,9.418,80.0,4.205,SUCCESS,15:13:40
86,0.8,Very Robust,9.418,80.0,4.024,SUCCESS,15:13:49
87,0.8,Very Robust,9.418,80.0,4.116,SUCCESS,15:13:56
88,0.8,Very Robust,9.418,80.0,4.24,SUCCESS,15:14:04
89,0.8,Very Robust,9.418,80.0,4.109,SUCCESS,15:14:11
90,0.8,Very Robust,9.418,80.0,4.198,SUCCESS,15:14:18
91,0.8,Very Robust,9.418,80.0,3.753,FAIL,15:14:25
92,0.8,Very Robust,9.418,80.0,4.268,SUCCESS,15:14:33
93,0.8,Very Robust,9.418,80.0,4.283,SUCCESS,15:14:40
94,0.8,Very Robust,9.418,80.0,4.283,SUCCESS,15:14:42
95,0.8,Very Robust,9.418,80.0,4.281,SUCCESS,15:14:50
96,0.8,Very Robust,9.418,80.0,4.261,SUCCESS,15:14:57
97,0.8,Very Robust,9.418,80.0,4.27,SUCCESS,15:15:18
98,0.8,Very Robust,9.418,80.0,3.992,SUCCESS,15:15:28
99,0.8,Very Robust,9.418,80.0,4.261,FAIL,15:15:38
100,0.8,Very Robust,9.418,80.0,3.67,SUCCESS,15:15:48
